{
  "VPT50@0.10": 35,
  "VPT50@0.25": 38,
  "VPT50@0.50": 40,
  "VPT80@0.10": 31,
  "VPT80@0.25": 34,
  "VPT80@0.50": 36,
  "max_horizon": 100,
  "nMSE@1": 5.545649628402316e-07,
  "nMSE@10": 9.824964763538446e-06,
  "nMSE@100": 59.563758850097656,
  "nMSE@5": 2.787716084640124e-06,
  "nMSE@90": 39.405540466308594,
  "nMSE_AUC": 11.597119331359863,
  "nMSE_curve": [
    5.545649628402316e-07,
    9.92706191027537e-07,
    1.5023190371721284e-06,
    2.1061869119876064e-06,
    2.787716084640124e-06,
    3.6033964079251746e-06,
    4.6292088882182725e-06,
    5.943278665654361e-06,
    7.618066774739418e-06,
    9.824964763538446e-06,
    1.2735004929709248e-05,
    1.6616902939858846e-05,
    2.1918784113950096e-05,
    2.905288420151919e-05,
    3.865951293846592e-05,
    5.1734503358602524e-05,
    6.959028542041779e-05,
    9.405768651049584e-05,
    0.00012773866183124483,
    0.00017397549527231604,
    0.00023767126549500972,
    0.00032545867725275457,
    0.00044669542694464326,
    0.0006144713843241334,
    0.0008471694891341031,
    0.0011701795738190413,
    0.0016193445771932602,
    0.002244284376502037,
    0.003114868886768818,
    0.004327898845076561,
    0.006020611152052879,
    0.008383646607398987,
    0.0116862328723073,
    0.01630488969385624,
    0.022770894691348076,
    0.0318254679441452,
    0.04438543692231178,
    0.06170313060283661,
    0.08533221483230591,
    0.1172504797577858,
    0.15983253717422485,
    0.21620382368564606,
    0.2898408770561218,
    0.38455960154533386,
    0.5041730403900146,
    0.6520302295684814,
    0.8299683332443237,
    1.0405911207199097,
    1.2844953536987305,
    1.5632567405700684,
    1.8749583959579468,
    2.219424247741699,
    2.5947766304016113,
    3.0025153160095215,
    3.4411089420318604,
    3.909341335296631,
    4.4069623947143555,
    4.9335408210754395,
    5.4909820556640625,
    6.077573776245117,
    6.6943864822387695,
    7.338929176330566,
    8.009815216064453,
    8.708263397216797,
    9.436347007751465,
    10.194757461547852,
    10.981142044067383,
    11.80044937133789,
    12.654674530029297,
    13.5436372756958,
    14.467670440673828,
    15.42681884765625,
    16.42108917236328,
    17.45111846923828,
    18.516742706298828,
    19.61771011352539,
    20.755481719970703,
    21.928558349609375,
    23.13918685913086,
    24.394556045532227,
    25.69537353515625,
    27.03860855102539,
    28.42431640625,
    29.85213851928711,
    31.32744026184082,
    32.848167419433594,
    34.41538619995117,
    36.02842712402344,
    37.692291259765625,
    39.405540466308594,
    41.17029571533203,
    42.987117767333984,
    44.85987091064453,
    46.78774642944336,
    48.77288055419922,
    50.81153869628906,
    52.90961837768555,
    55.063358306884766,
    57.279319763183594,
    59.563758850097656
  ],
  "one_step_rmse": 0.002890261122956872,
  "open_loop_rmse@horizon": 0.7924889922142029,
  "primary_metric": "VPT80@0.25",
  "step_nMSE@1": 5.545649628402316e-07,
  "step_nMSE@10": 2.9687049391213804e-05,
  "step_nMSE@100": 285.7229919433594,
  "step_nMSE@5": 5.513832547876518e-06,
  "step_nMSE@90": 191.88442993164062,
  "step_nMSE_curve": [
    5.545649628402316e-07,
    1.4308473055280047e-06,
    2.521544502087636e-06,
    3.917790763807716e-06,
    5.513832547876518e-06,
    7.68179688748205e-06,
    1.078408422472421e-05,
    1.5141767107706983e-05,
    2.1016372556914575e-05,
    2.9687049391213804e-05,
    4.183540295343846e-05,
    5.931778287049383e-05,
    8.55413600220345e-05,
    0.00012179619079688564,
    0.000173152337083593,
    0.00024785930872894824,
    0.000355282798409462,
    0.0005100036505609751,
    0.0007339965086430311,
    0.0010524749523028731,
    0.0015115864807739854,
    0.002168994629755616,
    0.003113903570920229,
    0.004473320208489895,
    0.006431923247873783,
    0.009245431050658226,
    0.01329763326793909,
    0.01911766082048416,
    0.027491234242916107,
    0.03950575739145279,
    0.05680198222398758,
    0.08163773268461227,
    0.11736900359392166,
    0.1687205731868744,
    0.24261502921581268,
    0.348735511302948,
    0.4965443015098572,
    0.7024579048156738,
    0.983237624168396,
    1.3620624542236328,
    1.8631154298782349,
    2.52742600440979,
    3.382596492767334,
    4.457466125488281,
    5.76716423034668,
    7.305604457855225,
    9.015119552612305,
    10.939860343933105,
    12.991900444030762,
    15.222564697265625,
    17.460041046142578,
    19.787181854248047,
    22.113113403320312,
    24.612659454345703,
    27.12514877319336,
    29.662120819091797,
    32.27375793457031,
    34.94850540161133,
    37.822566986083984,
    40.686492919921875,
    43.703163146972656,
    46.65602493286133,
    49.60478591918945,
    52.71046829223633,
    56.03368377685547,
    59.491455078125,
    62.882511138916016,
    66.69410705566406,
    70.74192810058594,
    74.88208770751953,
    79.15005493164062,
    83.5262451171875,
    88.00856018066406,
    92.64326477050781,
    97.37306213378906,
    102.19027709960938,
    107.22599792480469,
    112.25540161132812,
    117.5682373046875,
    123.56874084472656,
    129.76080322265625,
    135.84072875976562,
    142.0522918701172,
    148.36135864257812,
    155.25259399414062,
    162.11012268066406,
    169.19625854492188,
    176.3629150390625,
    184.11268615722656,
    191.88442993164062,
    199.99810791015625,
    208.31814575195312,
    217.15310668945312,
    226.08016967773438,
    235.37557983398438,
    244.4834747314453,
    254.32618713378906,
    263.9757995605469,
    274.44384765625,
    285.7229919433594
  ],
  "warmup_steps": 10
}