{
  "VPT50@0.25": 38,
  "VPT80@0.25": 34,
  "VPT80_fraction": 0.34,
  "checkpoint_step": 6800,
  "max_horizon": 100,
  "model_name": "student",
  "nMSE@10": 9.824964763538446e-06,
  "nMSE@100": 59.563758850097656,
  "nMSE@90": 39.405540466308594,
  "nMSE_AUC": 11.597119331359863,
  "primary_metric": "VPT80@0.25",
  "step_nMSE@10": 2.9687049391213804e-05,
  "step_nMSE@100": 285.7229919433594
}