{
  "best_score": 34.0,
  "checkpoint_metric": "val/VPT80@0.25",
  "checkpoint_mode": "max",
  "metrics": {
    "VPT50@0.10": 35,
    "VPT50@0.25": 38,
    "VPT50@0.50": 40,
    "VPT80@0.10": 31,
    "VPT80@0.25": 34,
    "VPT80@0.50": 36,
    "curriculum/horizon": 10.0,
    "curriculum/rollout_weight": 0.28514093213100045,
    "loss/long_rollout": 8.580091162002645e-06,
    "loss/one_step": 7.851825102989096e-06,
    "loss/rollout": 2.2869753593113273e-06,
    "loss/total": 1.485844677517889e-05,
    "max_horizon": 100,
    "nMSE@1": 9.415747399543761e-07,
    "nMSE@10": 1.1172760423505679e-05,
    "nMSE@100": 64.75437927246094,
    "nMSE@30": 0.005106829106807709,
    "nMSE@40": 0.12472245842218399,
    "nMSE@5": 3.2495033792656614e-06,
    "nMSE@50": 1.6521345376968384,
    "nMSE_AUC": 12.569416046142578,
    "nMSE_curve": [
      9.415747399543761e-07,
      1.4120328160061035e-06,
      1.9151611923007295e-06,
      2.4873545498849126e-06,
      3.2495033792656614e-06,
      4.182702923571924e-06,
      5.3764129006594885e-06,
      6.8375493356143124e-06,
      8.685941793373786e-06,
      1.1172760423505679e-05,
      1.44665782499942e-05,
      1.8846494640456513e-05,
      2.474101711413823e-05,
      3.280921737314202e-05,
      4.388142406241968e-05,
      5.909230458200909e-05,
      7.992346945684403e-05,
      0.00010865703370654956,
      0.0001480096107115969,
      0.00020230682275723666,
      0.00027720429352484643,
      0.00038077987846918404,
      0.0005241578328423202,
      0.0007227879832498729,
      0.0009981341427192092,
      0.0013804871123284101,
      0.0019115942995995283,
      0.002649849746376276,
      0.0036767141427844763,
      0.005106829106807709,
      0.0070994398556649685,
      0.009880691766738892,
      0.013760143890976906,
      0.01914963126182556,
      0.026592737063765526,
      0.03645167127251625,
      0.04966996610164642,
      0.06767554581165314,
      0.09194231778383255,
      0.12472245842218399,
      0.16858220100402832,
      0.22717081010341644,
      0.3040643334388733,
      0.4036238193511963,
      0.5290715098381042,
      0.684022068977356,
      0.8719768524169922,
      1.0970532894134521,
      1.3579597473144531,
      1.6521345376968384,
      1.9782851934432983,
      2.34005069732666,
      2.7361202239990234,
      3.167078971862793,
      3.631889581680298,
      4.129510402679443,
      4.662710189819336,
      5.2289042472839355,
      5.824779033660889,
      6.452535629272461,
      7.114507675170898,
      7.812582969665527,
      8.54526138305664,
      9.30901050567627,
      10.10697078704834,
      10.937644004821777,
      11.801851272583008,
      12.705986022949219,
      13.647918701171875,
      14.623562812805176,
      15.636463165283203,
      16.688947677612305,
      17.78023910522461,
      18.914255142211914,
      20.088909149169922,
      21.303020477294922,
      22.557239532470703,
      23.84530258178711,
      25.170324325561523,
      26.535425186157227,
      27.94054412841797,
      29.385818481445312,
      30.88094711303711,
      32.42375183105469,
      34.016639709472656,
      35.6627197265625,
      37.355995178222656,
      39.09960174560547,
      40.90185546875,
      42.768104553222656,
      44.69258117675781,
      46.67832946777344,
      48.72623825073242,
      50.832645416259766,
      52.996124267578125,
      55.213462829589844,
      57.48942947387695,
      59.83290100097656,
      62.25136184692383,
      64.75437927246094
    ],
    "one_step_rmse": 0.004642922896891832,
    "open_loop_rmse@horizon": 0.8222732543945312,
    "primary_metric": "VPT80@0.25",
    "step_nMSE@1": 9.415747399543761e-07,
    "step_nMSE@10": 3.355412627570331e-05,
    "step_nMSE@100": 312.552734375,
    "step_nMSE@30": 0.04658016934990883,
    "step_nMSE@40": 1.4031476974487305,
    "step_nMSE@5": 6.29809801466763e-06,
    "step_nMSE@50": 16.06669807434082,
    "step_nMSE_curve": [
      9.415747399543761e-07,
      1.882490892057831e-06,
      2.9214179448899813e-06,
      4.203934622637462e-06,
      6.29809801466763e-06,
      8.848699508234859e-06,
      1.2538671398942824e-05,
      1.7065507563529536e-05,
      2.347308509342838e-05,
      3.355412627570331e-05,
      4.740474832942709e-05,
      6.70255976729095e-05,
      9.54752613324672e-05,
      0.0001376958389300853,
      0.00019889234681613743,
      0.0002872554468922317,
      0.00041322215110994875,
      0.0005971276550553739,
      0.0008563557639718056,
      0.0012339540990069509,
      0.0017751539126038551,
      0.002555866725742817,
      0.003678472712635994,
      0.005291282199323177,
      0.007606441155076027,
      0.010939313098788261,
      0.015720384195446968,
      0.02258273772895336,
      0.03242892399430275,
      0.04658016934990883,
      0.06687775999307632,
      0.09609952569007874,
      0.13790260255336761,
      0.19700270891189575,
      0.27965831756591797,
      0.38151437044143677,
      0.5255287289619446,
      0.7338818311691284,
      1.0140798091888428,
      1.4031476974487305,
      1.922972321510315,
      2.6293039321899414,
      3.5335917472839355,
      4.684680938720703,
      6.048770904541016,
      7.656797409057617,
      9.517894744873047,
      11.675650596618652,
      13.881470680236816,
      16.06669807434082,
      18.28582000732422,
      20.790081024169922,
      23.33175277709961,
      26.00788116455078,
      28.731658935546875,
      31.498659133911133,
      34.52189254760742,
      37.501983642578125,
      40.38551330566406,
      43.49018859863281,
      46.83279037475586,
      50.39521026611328,
      53.971309661865234,
      57.42518615722656,
      61.17646408081055,
      64.93133544921875,
      68.83956909179688,
      73.28302764892578,
      77.69927215576172,
      81.94303894042969,
      86.53954315185547,
      91.41529846191406,
      96.35332489013672,
      101.6973648071289,
      107.01332092285156,
      112.36128997802734,
      117.87799072265625,
      123.02607727050781,
      128.52203369140625,
      134.37850952148438,
      140.3499298095703,
      146.45303344726562,
      153.48147583007812,
      160.47665405273438,
      167.81903076171875,
      175.57948303222656,
      182.97808837890625,
      190.7930450439453,
      199.5000457763672,
      208.86465454101562,
      217.89501953125,
      227.38168334960938,
      237.13380432128906,
      246.728759765625,
      256.3631286621094,
      265.8607482910156,
      275.9820861816406,
      287.1494445800781,
      299.2608642578125,
      312.552734375
    ],
    "warmup_steps": 10
  },
  "model": "student",
  "updates": 14000
}