{
  "VPT50@0.10": 27,
  "VPT50@0.25": 29,
  "VPT50@0.50": 31,
  "VPT80@0.10": 18,
  "VPT80@0.25": 20,
  "VPT80@0.50": 22,
  "max_horizon": 100,
  "nMSE@1": 0.0015072920359671116,
  "nMSE@10": 0.017649304121732712,
  "nMSE@100": 136.79507446289062,
  "nMSE@5": 0.004595457576215267,
  "nMSE@90": 94.83580780029297,
  "nMSE_AUC": 30.801620483398438,
  "nMSE_curve": [
    0.0015072920359671116,
    0.0019298582337796688,
    0.0027618512976914644,
    0.003483026521280408,
    0.004595457576215267,
    0.006017566658556461,
    0.00790715403854847,
    0.010200681164860725,
    0.01339004561305046,
    0.017649304121732712,
    0.02375069446861744,
    0.03158240765333176,
    0.04181844741106033,
    0.05502890795469284,
    0.07187534868717194,
    0.09231741726398468,
    0.11762472987174988,
    0.14882124960422516,
    0.1848061978816986,
    0.2280440628528595,
    0.27689969539642334,
    0.33439940214157104,
    0.4012964367866516,
    0.4773693382740021,
    0.5650457739830017,
    0.6650724411010742,
    0.7780352234840393,
    0.9077452421188354,
    1.0542747974395752,
    1.2168492078781128,
    1.3990423679351807,
    1.605391263961792,
    1.8368242979049683,
    2.092421054840088,
    2.3729796409606934,
    2.682224750518799,
    3.0228865146636963,
    3.397212505340576,
    3.80712890625,
    4.25535774230957,
    4.740984916687012,
    5.266806602478027,
    5.834580898284912,
    6.447639465332031,
    7.104360580444336,
    7.804594039916992,
    8.544683456420898,
    9.328344345092773,
    10.154156684875488,
    11.02714729309082,
    11.946721076965332,
    12.914312362670898,
    13.93356704711914,
    15.000974655151367,
    16.122802734375,
    17.297706604003906,
    18.525161743164062,
    19.810476303100586,
    21.152000427246094,
    22.54047966003418,
    23.977264404296875,
    25.461353302001953,
    27.007925033569336,
    28.616287231445312,
    30.284839630126953,
    32.0159912109375,
    33.80746841430664,
    35.6612548828125,
    37.57233428955078,
    39.54152297973633,
    41.57514190673828,
    43.67695999145508,
    45.8421745300293,
    48.08234405517578,
    50.395233154296875,
    52.77235412597656,
    55.22563934326172,
    57.760215759277344,
    60.374298095703125,
    63.07087707519531,
    65.85163879394531,
    68.71356201171875,
    71.65908813476562,
    74.69259643554688,
    77.81537628173828,
    81.02828979492188,
    84.3336410522461,
    87.7308349609375,
    91.22987365722656,
    94.83580780029297,
    98.54167938232422,
    102.34735107421875,
    106.2548599243164,
    110.27615356445312,
    114.4053726196289,
    118.64703369140625,
    123.00749969482422,
    127.4841079711914,
    132.07962036132812,
    136.79507446289062
  ],
  "one_step_rmse": 0.013257624581456184,
  "open_loop_rmse@horizon": 1.2473748922348022,
  "primary_metric": "VPT80@0.25",
  "step_nMSE@1": 0.0015072920359671116,
  "step_nMSE@10": 0.055982645601034164,
  "step_nMSE@100": 603.6251220703125,
  "step_nMSE@5": 0.009045181795954704,
  "step_nMSE@90": 415.7641296386719,
  "step_nMSE_curve": [
    0.0015072920359671116,
    0.002352424431592226,
    0.004425837658345699,
    0.005646552424877882,
    0.009045181795954704,
    0.013128111138939857,
    0.019244685769081116,
    0.026255372911691666,
    0.03890494629740715,
    0.055982645601034164,
    0.08476459234952927,
    0.1177312433719635,
    0.16465091705322266,
    0.22676488757133484,
    0.3077254295349121,
    0.398948609828949,
    0.5225416421890259,
    0.6791621446609497,
    0.8325352668762207,
    1.0495634078979492,
    1.2540123462677002,
    1.541893482208252,
    1.873030424118042,
    2.227046489715576,
    2.669281482696533,
    3.165738105773926,
    3.7150683403015137,
    4.409914016723633,
    5.157100677490234,
    5.9315080642700195,
    6.864840030670166,
    8.00220012664795,
    9.242687225341797,
    10.527111053466797,
    11.911972045898438,
    13.505806922912598,
    15.286703109741211,
    17.247276306152344,
    19.383953094482422,
    21.736276626586914,
    24.16609001159668,
    26.825485229492188,
    29.681108474731445,
    32.809165954589844,
    36.000064849853516,
    39.31511688232422,
    42.58880615234375,
    46.160400390625,
    49.79314422607422,
    53.8036994934082,
    57.92537307739258,
    62.26148223876953,
    66.93478393554688,
    71.57359313964844,
    76.70156860351562,
    81.9174575805664,
    87.26261138916016,
    93.07337188720703,
    98.96040344238281,
    104.46072387695312,
    110.18436431884766,
    115.99067687988281,
    122.89553833007812,
    129.94296264648438,
    137.07228088378906,
    144.5406951904297,
    152.04510498046875,
    159.86489868164062,
    167.52572631835938,
    175.4154815673828,
    183.928466796875,
    192.90597534179688,
    201.7379608154297,
    211.61439514160156,
    221.54916381835938,
    231.05630493164062,
    241.67535400390625,
    252.9226837158203,
    264.27294921875,
    276.1007080078125,
    288.31298828125,
    300.52850341796875,
    313.19219970703125,
    326.4742431640625,
    340.12847900390625,
    354.12579345703125,
    368.5941162109375,
    383.28643798828125,
    399.1453857421875,
    415.7641296386719,
    432.0702819824219,
    448.6633605957031,
    465.7457580566406,
    484.2564697265625,
    502.55181884765625,
    521.605224609375,
    541.611328125,
    561.7153930664062,
    582.4393920898438,
    603.6251220703125
  ],
  "warmup_steps": 10
}