{
  "VPT50@0.25": 29,
  "VPT80@0.25": 20,
  "VPT80_fraction": 0.2,
  "checkpoint_step": 6800,
  "max_horizon": 100,
  "model_name": "student",
  "nMSE@10": 0.017649304121732712,
  "nMSE@100": 136.79507446289062,
  "nMSE@90": 94.83580780029297,
  "nMSE_AUC": 30.801620483398438,
  "primary_metric": "VPT80@0.25",
  "step_nMSE@10": 0.055982645601034164,
  "step_nMSE@100": 603.6251220703125
}